mes,id_ticket,real_id,uuid_anexo_citado
2026-07-01,498824,R113712,2dbc0519-0b04-4e1f-8304-01d1f7bcc51c
2026-07-01,498859,R113749,367d9d2d-edca-483c-9c3d-d87237f4733b
2026-07-01,498918,T498918,0a54eaab-9c20-45cd-90da-b73425b7f099
2026-07-01,499651,T499651,ffad6b86-3730-413b-942f-84d5075c1a86
2026-07-01,499661,R114543,ffad6b86-3730-413b-942f-84d5075c1a86
2026-07-01,499720,R114585,5877684c-437f-4ef1-9279-8c1fa72c2793
2026-07-01,500403,R115226,3df39553-6c74-40b6-ae7c-af74b27f68b9
2026-07-01,500591,S1.T500121,5bbb7773-203d-4321-a762-c8b9ca2b6232
2026-07-01,500707,R115484,e78680dd-7253-428c-aab4-0c6a8edd87b8
2026-07-01,500849,T500849,9c0dbe2e-1155-4eac-be19-6514a453f3de
2026-07-01,501029,R115779,b0aca4de-7aee-46e4-b36b-4bf62ffd4f8c
2026-07-01,501330,R116026,75af8654-a6a9-4ee8-a59a-dee853976baa
2026-07-01,501774,R116402,62a5d0d4-97bc-4f4f-ba87-9af2dd388dbb
2026-07-01,502200,T502200,33436f68-550c-4022-a32d-6888f300f24b
2026-07-01,502277,R116865,107651e8-08cd-4d2c-b9dc-c4db3cfa25fa
2026-08-01,485827,T485827,f5ad9a9a-b59e-4496-ace5-726bd27dba11
2026-08-01,502434,T502434,55843cf9-22df-4fdd-a7e8-3f13960c7c71
2026-08-01,502854,R117356,bef65eae-8c39-4cc9-96fc-cb3106e56a7c
2026-08-01,502918,R117477,1ffe0cf1-98a9-44b9-8bfa-846c37fd1f25
2026-08-01,502918,R117477,380ac14b-79bb-4b23-966a-7f23f9a8f07e
2026-08-01,504550,R118936,d68d724e-2b20-48f9-a6c1-88dbd6b7c815
2026-08-01,504696,R118958,bbb501f5-5bce-42b6-a6f5-08ddb0c76d2d
2026-08-01,504696,R118958,5ff18e38-dd1f-4f37-b42f-db03c9e257ee
2026-08-01,505308,R119599,5abbf808-c9e2-49a7-8ec5-4a2828ede499
2026-08-01,505321,R119642,f282f3d2-40ce-4210-9954-7815b359d35e
2026-08-01,505391,R119700,e8e45347-a3a0-4682-9d2e-1717a1bf2803
2026-08-01,505705,R119948,d78ee9b0-03fc-4763-b000-6cea4a8dd467
2026-08-01,505759,T505759,d87681bb-5095-45fa-b850-7665765e40cd
2026-08-01,505890,T505890,fc9044c3-7054-4e59-b838-e519b6f4fe1b
2026-08-01,505890,T505890,cca8a6f7-f0db-4f74-ad9a-3a996ffcb75c
2026-08-01,505890,T505890,51988299-eb35-4206-b407-96d6b40bc7e7
2026-09-01,496625,R109387,3ddf77ea-7c6b-42fe-abad-e67f3ebdc440
2026-09-01,506405,R120597,df98cb0d-8703-40ae-88fc-fc8c5bf59cc3
2026-09-01,506407,R120596,045fd084-2e0d-42d1-a520-ef1c9bdf88a7
2026-09-01,506408,R120598,41296163-076b-4840-840b-8a215d5d2691
2026-09-01,506409,R120599,83ef7f1c-726f-43b9-bc18-9db102d8882b
2026-09-01,506411,R120600,72489736-9aa7-4bfd-bc57-2b31adcbfc91
2026-09-01,506412,R120603,5fcace89-86ce-46c3-b82b-9e6d53dea720
2026-09-01,506413,T506413,ad4fe450-c525-4d88-8273-d970b24e0c46
2026-09-01,506417,T506417,5c064e7c-9ffb-4102-a0c2-406f602057d9
2026-09-01,506418,T506418,039626f9-a9a4-4136-8815-ddfe044252e9
2026-09-01,506419,T506419,ff1c1f03-d7fb-425b-b4c6-03b9e174da24
2026-09-01,506424,T506424,90fd024b-9ce6-4a61-814a-ac3217eb1ddd
2026-09-01,506426,T506426,a9b89f25-b91e-45c1-aac7-5a31e4ad60db
2026-09-01,506429,T506429,b832744b-893e-4863-bdb3-2d712d0e3a7c
2026-09-01,506432,T506432,4bf2080b-bdfe-452c-a47c-0dcb96e7273b
2026-09-01,506475,R120666,d26ff502-119c-4b5d-90c3-d71feb159452
2026-09-01,506517,T506517,b56838de-8de4-43b4-9c5e-a8870f5c6fd3
2026-09-01,506528,R120699,bfa2d088-216d-4157-a9ff-331e980aed6c
2026-09-01,506530,T506530,57d56997-84d3-4c59-a11f-54fabafab361
2026-09-01,506533,T506533,05929ce8-363f-4a3f-93be-6a6b29e409c4
2026-09-01,506534,T506534,6cc6481b-1bbc-44b7-bce3-ee5daacac9bf
2026-09-01,506535,T506535,a482df5d-ff5e-412e-b7ac-7fb21b7cb85f
2026-09-01,506536,T506536,828fad80-67b7-4672-b6f2-e1d0e8368a5a
2026-09-01,506543,T506543,9d661ff3-bf65-4255-9097-43fc40817d20
2026-09-01,506543,T506543,e67f516f-c156-444e-b382-9fe4eb4af93e
2026-09-01,506560,R120740,7d60394e-ff79-4877-88d6-ebb421137c40
2026-09-01,506562,T506562,23705b18-0459-4793-9706-501474283d89
2026-09-01,506573,T506573,dc9a69e5-3057-4897-a3bd-8bde674a3420
2026-09-01,506573,T506573,dd098b2a-6f8d-47be-8f85-c765960de85a
2026-09-01,506573,T506573,2cc4be7f-53ec-4c4c-abf2-4aee5ac94e15
2026-09-01,506573,T506573,ad36d000-d86e-4071-a726-2e97d4c3cf56
2026-09-01,506577,R120759,d892aa2d-5c37-4f42-83c2-2b8bffe81185
2026-09-01,506578,R120689,1d94be91-a169-4d5b-ae2d-1cc34128b8c0
2026-09-01,506578,R120689,d653e9ef-0749-4703-ae21-ab130516b736
2026-09-01,506579,R120757,933b6149-e213-414f-abcf-d1e88e6c7ea5
2026-09-01,506579,R120757,587ef4c5-6c30-486d-99c1-801f0852db2b
2026-09-01,506582,R120760,28bf308c-6107-4963-ac85-ad6990cccd87
2026-09-01,506608,R120781,26af4ac9-c610-4904-986d-8a9a3789b9d0
2026-09-01,506610,R120787,053f9db7-1366-4501-9e02-bff47194df6c
2026-09-01,506610,R120787,43e2ad73-a898-4855-92f9-b4675121f080
2026-09-01,506610,R120787,a8aac1ef-cc78-43db-94dd-1467fe61b539
2026-09-01,506616,T506616,fbdfbf32-0cc1-4a98-a3d6-d6b3eaa42d33
2026-09-01,506616,T506616,e96c100c-84df-4edf-bf38-b9e63d81d4bc
2026-09-01,506631,T506631,9245c78a-07b8-4e1f-bc5e-81a6ef1557f6
2026-09-01,506648,T506648,269c83df-93a2-46fe-a8d9-54f2f54ec02e
2026-09-01,506648,T506648,a17bbbbd-bdbe-46ee-852b-58e57fc7c22d
2026-09-01,506676,R120794,a245910b-9f50-4363-b53a-2b1cc35ec188
2026-09-01,506694,R120852,77da251e-dc30-4af2-bf26-2f75699b3694
2026-09-01,506702,T506702,430cae3c-f502-4ca7-895c-039f35366db1
2026-09-01,506729,R120871,d399b0e0-f0fa-4d02-9511-cf971776227d
2026-09-01,506730,R120842,5cc4ee06-d55a-43f7-ade3-7ef079c708b4
2026-09-01,506731,R120859,e89789a2-684c-4f68-ad50-2b510f9f5bb4
2026-09-01,506732,R120864,dfaaf515-a838-4dac-a75a-4df797c892ff
2026-09-01,506732,R120864,2f80496c-8dc6-4472-b130-c4db9f80aa63
2026-09-01,506738,R120868,aaeacac5-b021-4acd-a88d-5bdd82bbed83
2026-09-01,506741,T506741,08592b27-a63c-4ed4-adf3-3d5c64361d74
2026-09-01,506743,T506743,d2081560-f735-4ab6-93ca-d1b826b112df
2026-09-01,506744,T506744,0f2a7123-35b1-4754-aea4-4768b0058779
2026-09-01,506745,R120889,59908902-a70d-4f61-852c-f7d9fb5fff21
2026-09-01,506750,T506750,0d0020be-9740-4257-88fd-6000fdfa60ae
2026-09-01,506754,R120898,0d0020be-9740-4257-88fd-6000fdfa60ae
2026-09-01,506755,T506755,5d5e2898-95a7-4537-a0a0-5f09351db671
2026-09-01,506767,R120899,6b2ef6d3-b7bf-48a9-9292-b83ab638ae96
2026-09-01,506779,R120915,a16b69f7-db34-4f0b-9f95-c5e495f8fb02
2026-09-01,506800,R120730,c9935ce8-a472-4f3e-9ce5-59a47152ecf6
2026-09-01,506808,R120945,6f059aff-6c43-4eb7-8518-557942b5f999
2026-09-01,506808,R120945,2baf2fac-52d6-4476-9edf-ba8219d273d5
2026-09-01,506809,R120946,6d887b21-78b5-4857-9203-1737eda18891
2026-09-01,506823,R120952,5394ae08-875c-422f-affc-9629c5b108cf
2026-09-01,506839,R120950,4d8e24b7-a7ea-409d-8673-f68a308787a0
2026-09-01,506839,R120950,a8edc501-41cd-48e7-bca1-d2f092ea1496
2026-09-01,506857,R120986,242db1c7-8146-4c60-8cef-4d8165fbbab8
2026-09-01,506857,R120986,00ac2cff-af53-4058-bb6f-7fe9ff5cb343
2026-09-01,506914,R120973,c33e90f0-7435-4242-8901-f268d0e027f6
2026-09-01,506915,R120974,05f2f716-1d73-4448-bdbb-27a4799fde98
2026-09-01,506915,R120974,358cfda0-b5d2-4582-ae33-52daa19e8071
2026-09-01,506915,R120974,520d7bfa-fa1d-4116-9536-dff5cba31ee8
2026-09-01,506915,R120974,1abeba63-a8b7-4c43-99e4-130172591fd5
2026-09-01,506916,R120982,7e3b18ba-1b87-4724-8415-d955bb037ffd
2026-09-01,506916,R120982,a25ee1aa-2a29-4a55-b629-39e83ea055ba
2026-09-01,506916,R120982,f82ceeb5-f2de-4d8e-bbde-19c23b543e2e
2026-09-01,506917,R120991,e7060317-8e71-4862-8e1a-1a00a4753284
2026-09-01,506921,R120971,2ab6d319-cca6-4c95-9ad3-91120cba9a76
2026-09-01,506921,R120971,7be371bf-e753-4071-8ca7-940f19a02fe6
2026-09-01,506923,R120616,024f27c6-ad3e-4cb6-8f07-bab1ec051271
2026-09-01,506924,R120618,1d1ce2da-509c-4b0d-90f5-46c87968e219
2026-09-01,506925,R120621,6cc78fdb-2c8d-4148-8daf-b5281cb0789f
2026-09-01,506927,R121079,6100921e-6401-418c-99b7-9b2f1ba33258
2026-09-01,506928,R120642,b03f7c5d-0c35-4cf0-b029-e4b06074748e
2026-09-01,506929,R121081,5ddb3448-80ed-47d0-87e0-96bbd388c9a9
2026-09-01,506930,T506930,a003991d-1c81-47e9-b9bf-5299cfa6b106
2026-09-01,506931,R120694,ea94d6a3-d662-4a7a-81b0-d67c78f9193b
2026-09-01,506932,R120798,99e57f50-22d1-43a7-bc1d-f3ec763b3642
2026-09-01,506933,R120562,21dcf0ff-2e15-4a7c-a59e-25cb90b3d86a
2026-09-01,506934,R120567,724b9001-c3ca-4a19-b027-1af84aa1f56c
2026-09-01,506949,R121083,00efb194-f0cb-49c5-b6cb-17340464a4e7
2026-09-01,506949,R121083,1b0dd427-5f35-41bf-a292-21e600fbddd8
2026-09-01,506952,R121089,8d702117-790c-41ad-ba26-87d93e8441cd
2026-09-01,506956,R121087,8ecdc3e3-5d0b-4d18-90ed-70e734d86d3b
2026-09-01,506962,R121096,a9fb6537-1c16-42d1-937c-da372c6bb58e
2026-09-01,506962,R121096,91223e43-654c-482b-86ed-e4bf7bb01631
2026-09-01,506962,R121096,5b2b0297-2fde-4ecd-b53e-893dd3392e48
2026-09-01,506963,T506963,38eaaa54-0395-4731-81b2-7bf52ef6ecd8
2026-09-01,506975,R120960,602b10cd-46ab-40fb-80e0-2d8b8d94a631
2026-09-01,506978,R121112,36dbe415-3cec-44d4-8fc4-166ca1935ccc
2026-09-01,506978,R121112,8368d2a9-9bca-44fa-b7e3-d93ba3392699
2026-09-01,506979,R121106,2492a8be-1f08-4572-bde5-602c24bebc4f
2026-09-01,506979,R121106,6c9a7bae-51aa-41b0-a9c6-ca0221dd8477
2026-09-01,506980,R121104,896582ff-933c-4795-a158-e2c365540a96
2026-09-01,506989,T506989,9a746221-a959-450a-8f1d-38a388cb1fb4
2026-09-01,506989,T506989,6431dcaa-032c-4177-8acb-36a87668e1f4
2026-09-01,506994,R121120,9a746221-a959-450a-8f1d-38a388cb1fb4
2026-09-01,506994,R121120,6431dcaa-032c-4177-8acb-36a87668e1f4
2026-09-01,507014,T507014,e804715f-b5b6-4eba-b326-644f21dcfff7
2026-09-01,507023,T507023,f46aa104-0967-4cdc-8862-bb1a2c0d1e4f
2026-09-01,507036,T507036,4a971d99-28cb-4957-941a-40969715175d
2026-09-01,507075,T507075,c5af264f-cbb7-4a06-b2b8-f27272c82278
2026-09-01,507080,R121151,2b971a07-6281-4942-a28f-65f3783a5e22
2026-09-01,507080,R121151,fb615302-b3a5-42aa-8ab5-f7c57a2cface
2026-09-01,507081,R121153,201fcb01-de64-4099-9ef6-f20edff96bb7
2026-09-01,507081,R121153,d59fecfc-6ae4-4c76-b1db-5212e9c2a7d1
2026-09-01,507088,R121171,f924c2eb-f02d-4573-bab3-cafebb432967
2026-09-01,507094,R121164,d404ff1e-95f1-4649-96cc-b5ebb7d7cd48
2026-09-01,507097,R121168,9395e48e-51b5-4778-b788-75bfc37d50ed
2026-09-01,507098,R121178,4ab3bc81-e5a7-4d4b-99c1-cc4d790a0036
2026-09-01,507099,R121181,b38984c1-5c2d-432e-b0fd-111eaa79ddf9
2026-09-01,507101,T507101,385d9915-ad2c-4704-bf8a-490b68ba1676
2026-09-01,507121,T507121,55b89280-2616-46ed-a49b-3108944ffe7a
2026-09-01,507126,T507126,d50bb5a5-0fdc-41f7-9274-bcf70ff71a2c
2026-09-01,507136,R121180,a06ac318-38c3-4c46-ae00-fc8816272a3d
2026-09-01,507138,R121221,d50bb5a5-0fdc-41f7-9274-bcf70ff71a2c
2026-09-01,507148,R121224,ba79aa27-7a04-4fbc-999b-3b74140fbade
2026-09-01,507149,R121225,7181081a-85ab-40f9-9960-b7f0efe65611
2026-09-01,507150,R121226,48922821-1612-4320-b2f8-1671aac6ff43
2026-09-01,507151,R121230,21e6ce0a-9d2c-4b27-8253-2a828bce28c0
2026-09-01,507154,R121222,86528157-e67f-41d1-899d-9420488c2021
2026-09-01,507155,R121160,b337dbe8-d419-487c-943d-5dd3906c76f0
2026-09-01,507156,T507156,99844dba-9ecc-4992-aca1-d4885e5798e5
2026-09-01,507157,T507157,308271be-b271-4ca3-b153-fc7741ec985d
2026-09-01,507164,R121231,8396c739-747a-48bc-a2aa-c4976e89ab00
2026-09-01,507164,R121231,2f648bb1-0942-47e2-999f-ba1a9a795633
2026-09-01,507173,R121237,7ff627f8-8ade-4c30-9f88-88879e6100c4
2026-09-01,507174,R121236,93e8841f-3a79-46ba-a2d5-b8faa16cf276
2026-09-01,507179,R121229,22bb4327-7bcd-417a-a7a4-ae604ad40344
2026-09-01,507190,T507190,d15174ab-ddbf-4b3e-b7b2-2c3fc540bee9
2026-09-01,507193,R121265,283aa728-d04a-4ebc-8946-2bfbf26f7d94
2026-09-01,507193,R121265,222ddcf0-7f63-4e04-ab07-73b05908e2f7
2026-09-01,507199,R121278,b8ca882a-deef-4820-93f7-4a0d8c87e956
2026-09-01,507202,R121282,bd17f4aa-9df8-4de1-a962-7a510ab53cd5
2026-09-01,507203,T507203,a130fc2f-ae33-4615-8196-b9912a637dff
2026-09-01,507214,R121299,beaee70d-5560-435e-a36f-fae62ab3fa20
2026-09-01,507215,R121302,06c9766e-a457-4e15-a54b-e3de5507ab72
2026-09-01,507235,T507235,7054ab1b-7742-458a-b699-4bfd7cd1eab4
2026-09-01,507240,T507240,f01fca62-af38-4749-9d85-4493815fc1d0
2026-09-01,507244,R121101,4763c44e-ea14-4a17-9d0e-b9bf35e2d73b
2026-09-01,507248,R121271,2cb5080e-4beb-4b99-9795-e950890c740c
2026-09-01,507249,R121333,b7a89598-ba3e-44c8-96b9-84553296f030
2026-09-01,507274,T507274,d4734554-c351-4445-bd7f-fb30fa5b515c
2026-09-01,507274,T507274,670bf2e3-a650-4cb8-ba11-7f86ecff0be2
2026-09-01,507296,T507296,c2858d91-746b-432a-8655-770986175687
2026-09-01,507297,T507297,f101b3c5-4c1c-4d3b-bb01-b0e385348955
2026-09-01,507299,T507299,fc7be4bc-dd16-4bef-a41c-aa7f8d740440
2026-09-01,507299,T507299,a4f93270-1e38-47d9-9830-cb950a03ef41
2026-09-01,507312,R121374,1c8a749f-926d-4abc-ba2b-ec63404de8ac
2026-09-01,507315,T507315,3139af7e-9462-436a-b585-179572eb43da
2026-09-01,507319,R121379,ccb686d1-f7f0-4a4f-b2ab-f7ec87a81e36
2026-09-01,507327,R121393,6c59840e-04aa-4d04-9b13-748322167983
2026-09-01,507328,T507328,40668d17-a54e-4fd3-8f17-0d53757581b0
2026-09-01,507328,T507328,9604fdb1-8647-4c13-a51f-aed52e7c12be
2026-09-01,507328,T507328,b6fc7b7b-b73c-4d07-865c-77e41cb8adab
2026-09-01,507328,T507328,d290d204-2b96-45c4-be47-ad8963395a57
2026-09-01,507328,T507328,08eada9f-f279-42b4-8111-28f2346a655e
2026-09-01,507334,R121396,4b5fb2fe-2903-404b-8c38-def7f27a1f58
2026-09-01,507334,R121396,81b9d696-f80e-4bec-8416-5a374f2eb5d1
2026-09-01,507334,R121396,7a33ef1c-52cb-47f0-8bab-84cf4424b858
2026-09-01,507334,R121396,5c5a23e0-d2e6-466b-bc8f-ad99c52a5295
2026-09-01,507334,R121396,fcad053c-1818-4186-8410-7c06c062ac99
2026-09-01,507334,R121396,81bedef0-665e-495b-8abf-b5d54b8961fc
2026-09-01,507337,T507337,f2bdf53a-1c1e-4314-8660-836da85511e3
2026-09-01,507339,T507339,d8a603ed-9839-4b86-8bfb-b65925449d21
2026-09-01,507346,T507346,437a4c40-0d0c-4670-8431-c43ff8176bbe
2026-09-01,507353,T507353,ba262fa0-7481-4aff-98f3-0200e0daea3f
2026-09-01,507359,T507359,d35c6c71-e38f-46f1-bb81-f4620bd0a4e0
2026-09-01,507370,R121449,569406f2-9d6e-4e87-b66f-2d7b2aaa9931
2026-09-01,507387,R121436,5f7258c0-dc00-4080-b60c-00424cd98328
2026-09-01,507387,R121436,e6b8f92b-8347-4e0f-a696-f80cc05ccbc4
2026-09-01,507388,R121459,485335a3-b7f7-40a4-99cd-35cf1edeb645
2026-09-01,507390,T507390,0999ade9-c302-4071-a571-97cce817a7fa
2026-09-01,507391,R121438,ff3454d0-0648-4206-9439-88ab538bab21
2026-09-01,507401,T507401,ede96cdc-4cc8-4d74-b62f-a6db2e37b6fd
2026-09-01,507401,T507401,b1e6b214-f4d2-43c6-9941-60446c1e2ba7
2026-09-01,507401,T507401,20ff964d-f71b-4074-8279-c3b5f001a3bb
2026-09-01,507404,R121473,e3f1d1de-a03a-423d-a2f7-2e1d8efa5d0e
2026-09-01,507414,R121480,10369a51-e4b3-4af9-a839-8e93832e9b0a
2026-09-01,507429,T507429,1edd1f2c-dd60-4eb6-9d44-e3954b89b174
2026-09-01,507432,R121494,17a00390-e0a4-40f1-878d-6806a5de0afd
2026-09-01,507443,T507443,9ed4c549-a1a9-4c12-bc40-c031423501ea
2026-09-01,507445,R121518,27434ab5-3da4-4ad3-be6f-9ecccb812120
2026-09-01,507446,T507446,1e1e471d-ea6f-4899-ba30-379ed171bc52
2026-09-01,507447,T507447,a258fc15-7ad6-4c48-ac39-dfe4a1c1adb2
2026-09-01,507460,T507460,ea26ff13-19c5-459e-8f5a-48315f4b6394
2026-09-01,507460,T507460,a2817d8d-6d0c-4c2c-a957-a8c5db35d59a
2026-09-01,507462,T507462,bad9aaf6-5b2a-4b1d-a92d-8636f2b02359
2026-09-01,507470,R121515,f549b46c-5142-4bdb-8a3e-d8e677ed5db1
2026-09-01,507470,R121515,f9fba6bc-2ea7-4442-86c2-9b2e8999fb39
2026-09-01,507491,R121576,43fa2aa8-725a-4df8-9e26-bbb03b0d0246
2026-09-01,507504,R121597,dea3c222-475c-4509-8229-332ecf9915fa
2026-09-01,507504,R121597,e908f552-bfa0-4530-b58f-cd5348ea97b4
2026-09-01,507510,T507510,b9b4a01e-85b2-4541-9e61-1d265dbf6577
2026-09-01,507516,R121612,33301460-7bd3-467a-92bd-e8dd4380e6ef
2026-09-01,507520,R121617,441364f1-ccec-49f4-901b-8d77b51c445f
2026-09-01,507540,R121258,b8f951a1-7535-4121-8708-07b5185ddd59
2026-09-01,507562,R121584,5634bfa3-7b95-4a95-9ea4-ab3477a0671e
2026-09-01,507562,R121584,c7e77c48-5947-4372-93c0-9b111a9e413c
2026-09-01,507567,T507567,61d715c5-1c70-40f0-97da-cddf2ca3d5eb
2026-09-01,507578,T507578,a2ea710f-24c1-4920-bd1a-f75ca6f24b37
2026-09-01,507589,T507589,ad918770-3429-4271-9a08-f7080ac728e1
2026-09-01,507591,R121632,432f9511-39ca-4c7c-947d-93f8f8224682
2026-09-01,507599,T507599,40301a16-4111-40bb-b7f0-537a408b9cef
2026-09-01,507600,T507600,d5e1c178-5375-4852-a1db-55344cae7525
2026-09-01,507649,T507649,c327fb4b-5d19-4fc8-88f4-47144cd3c1e7
2026-09-01,507658,R121707,063e2721-e39a-4324-9444-da9032457d8f
2026-09-01,507661,R121685,8a029523-02cb-40d5-91e9-3ae4473503c9
2026-09-01,507662,R121686,fe6e9d10-7975-4274-986b-5246e28045f3
2026-09-01,507663,R121687,a29f0a7b-548f-454c-bc13-e5966c448e13
2026-09-01,507664,R121688,ca81c53c-b256-4d41-b350-668b6e821ba4
2026-09-01,507670,T507670,c5ef6fef-3c60-4824-a895-2821a5e8a0d1
2026-09-01,507671,T507671,dd5a159b-1c71-44c6-9747-75daabcf6683
2026-09-01,507674,R121720,57df1594-d1a3-48a8-9e4b-5b7545574ee8
2026-09-01,507676,R121719,68fda710-2572-4970-826e-e564a3181b95
2026-09-01,507682,R121616,1bec28ec-596a-4c20-a1b4-28e00aac3c49
2026-09-01,507682,R121616,98194ffe-4bfe-47f4-ba68-0aa6696f58fe
2026-09-01,507684,T507684,34b56516-3913-4fd7-9640-32c5369ab9d7
2026-09-01,507685,T507685,ba823b4b-6bff-4219-baf4-02a7f0527811
2026-09-01,507701,T507701,8f49f88e-e0e0-477b-88f9-0d7cd27ffdeb
2026-09-01,507745,R121770,9fc98456-6755-4609-88b9-8c58307efe53
2026-09-01,507745,R121770,90a2a41d-3201-4ad7-a754-4bd87a9091d1
2026-09-01,507752,T507752,cc55714c-5607-49fb-b466-4a627e0c229c
2026-09-01,507754,R121779,3b43fc52-c527-4d2e-adab-99ee4134fd82
2026-09-01,507756,R121786,ccaeed59-e67f-4aac-bdcf-9d3431b4bb0e
2026-09-01,507761,T507761,97eae161-059e-49fc-bcbb-1fa78110372d
2026-09-01,507765,T507765,ce73d27e-c234-45f7-aa9b-2e2b8b85b10d
2026-09-01,507784,T507784,7105b643-6df0-450d-93fe-c96ecdf28561
2026-09-01,507788,T507788,d1f6372d-891e-462f-ad18-3f7a5be4cda8
2026-09-01,507789,T507789,8f37984b-9a63-4748-b1b1-b5da8d2158e6
2026-09-01,507850,T507850,a51142a9-353a-4055-9c17-3071791b9f9b
2026-09-01,507851,T507851,05c79d2b-184b-4ae1-a77a-24979155d384
2026-09-01,507851,T507851,208a170f-5a6c-4276-8269-c067ac51a4e0
2026-09-01,507852,R121863,1c2ad836-8394-42b8-bd4e-b6f1ac62b0d1
2026-09-01,507858,R121847,6bd99baf-93b8-4a7d-a350-da2206bba3aa
2026-09-01,507859,R121866,d1383e7a-4b20-4459-92e8-4097268b9f54
2026-09-01,507861,R121868,62eaea9c-cce8-4459-8e1e-140394785eef
2026-09-01,507862,R121869,8b002580-5980-4abd-8907-40655396aeaa
2026-09-01,507863,R121870,8369bcbe-4d08-44f9-a0de-f16ca1249782
2026-09-01,507864,R121871,00352dab-7742-4a24-a668-096b56d01d94
2026-09-01,507865,R121872,7b34969c-678b-4424-acdf-0fcf93ecc317
2026-09-01,507866,R121873,ffb37eea-d89d-4d33-b364-f68683bcde16
2026-09-01,507867,R121875,6ddb9d14-9f29-4f06-a315-e924a6c939ba
2026-09-01,507872,T507872,5d6df8c2-379c-4f4a-861a-4409a0b88ee8
2026-09-01,507878,T507878,9b281722-d13f-469b-9c65-231dbad3ea62
2026-09-01,507886,T507886,1feda986-deab-4fef-a061-2558dcb265de
2026-09-01,507908,T507908,8bd1be03-a198-458c-a252-b6f1fb508d03
2026-09-01,507928,R121920,6a331a56-01b5-4bbc-a603-bd9f28100a3a
2026-09-01,507950,T507950,5d39fd79-083d-4adf-9bc7-ffcfd105c9ae
2026-09-01,507972,R121958,000390e0-1c39-4c0e-a99c-c66eb9d71982
2026-09-01,508003,R121987,79ff1eab-8533-4916-9ccc-9513f2719016
2026-09-01,508014,R121985,fe2fc45b-c2cc-40a2-9b0c-ada18fe5ad27
2026-09-01,508039,R121886,6324fafc-4dd6-47a0-8f94-f7048bb8b6c5
2026-09-01,508081,T508081,980e0634-b05b-4952-9dae-7d9b1e87f66e
2026-09-01,508081,T508081,8e11cbaa-9e0b-4e84-8931-777b45a4a348
2026-09-01,508081,T508081,e2f225ce-b095-4ca0-9bf0-b6f1c897ed8f
2026-09-01,508081,T508081,730b626b-d259-45fd-9a09-bdd9f8a5977a
2026-09-01,508091,T508091,fbe56356-ca2f-495e-bef0-ca35ce640b4c
2026-09-01,508093,T508093,db8d2420-c829-4728-98f5-1c4b1e34a5e9
2026-09-01,508101,R122052,39878904-ffbc-4206-b6de-a132dae30f23
2026-09-01,508119,T508119,7b693c19-79fb-4967-abe9-4c5c48d0982e
2026-09-01,508142,T508142,4d38e9ff-7a57-48fd-b6fa-c69efc4b42c4
2026-09-01,508149,T508149,d753adeb-2dc3-48d1-b9a2-1bdaac8c57f9
2026-09-01,508150,T508150,8c27d680-77b6-4d53-8241-eb8a88966b31
2026-09-01,508167,T508167,68ef3911-20e6-40b8-a729-0705595f77f6
2026-09-01,508178,R122113,27d66e5d-3d4b-4c3c-a4d5-13e853cd511d
2026-09-01,508180,R122037,92e41299-d43e-4c7b-8a3f-5056ea6e617b
2026-09-01,508184,R122075,52a1504f-8035-46f3-b47b-7b347551c54b
2026-09-01,508186,R122053,e97b5ae1-8d22-49d2-8d26-6852373e4e84
2026-09-01,508186,R122053,94f3b8a7-5d84-4ee4-8a03-ea464603859d
2026-09-01,508186,R122053,8ac697f8-4f4e-48f9-8bc8-8be8ed3a0e9c
2026-09-01,508188,T508188,a2e60913-6410-407d-b08d-998f61c0fdff
2026-09-01,508193,T508193,5b588368-8cb3-4fa4-9286-c85d91322287
2026-09-01,508199,R122125,0731ae83-eb25-40e9-89c1-4fad9348c2ee
2026-09-01,508200,T508200,e2bc10ad-7bb4-47ca-8f34-37b7fe30978e
2026-09-01,508201,T508201,41c8e62e-8da5-4bf8-acc9-ad86e8a6299b
2026-09-01,508217,T508217,068f5a3b-e4eb-484a-bcfe-eaab323b8e30
2026-09-01,508232,T508232,1ec121a0-8822-4a3e-9c0c-1a04733804b9
2026-09-01,508232,T508232,f76646b4-d06d-4f8c-b94e-a854d88a4cf9
2026-09-01,508278,R122192,fd3c3447-c568-4c89-b740-18c2d6b05c5b
2026-09-01,508295,R122154,699e072f-1d35-4f87-aec1-722a8ddfeeac
2026-09-01,508333,R121782,c8d1a86f-ecf4-41e1-87e7-683e5cf1411e
2026-09-01,508346,R122262,11d3e6f4-09d0-4f15-a143-7872e307fee1
2026-09-01,508355,R122253,4cad616b-cadb-445e-8813-2dcb0e468f39
2026-09-01,508381,R122309,190cba70-4357-451b-b88c-e492cbb90f05
2026-09-01,508381,R122309,edc27e58-c5d2-4098-bff2-9e9826006d10
2026-09-01,508381,R122309,9450345e-dadc-412e-8a57-f125d20cb30f
2026-09-01,508381,R122309,e56c2492-c5ec-409c-ab6a-2433e017e537
2026-09-01,508400,R122324,2b621818-621d-42a5-9f23-195fe1c46343
2026-09-01,508400,R122324,9adef880-5066-45a2-9ab4-65932f554d6c
2026-09-01,508408,R122327,a74e6318-7cef-4aff-b849-689dd99787fb
2026-09-01,508421,T508421,b074d1d3-bc36-4570-9e3d-256db465af65
2026-09-01,508421,T508421,24de6e0a-8017-41de-849f-c05fbe88241b
2026-09-01,508421,T508421,5cbd7caf-ba84-4f03-a285-001bd82be5ea
2026-09-01,508426,T508426,008038f6-1842-45f9-b3e1-c389d16e0905
2026-09-01,508465,T508465,bee1c8ef-e217-4e76-9cd2-7bb2cee3da32
2026-09-01,508465,T508465,61c1057a-94fc-41eb-a79e-b3444c26239d
2026-09-01,508466,T508466,43b8d183-cef7-4476-b7d2-e6cdcd55d31a
2026-09-01,508478,T508478,67a6fca9-97d6-4ee3-b49d-ed7b50539a39
2026-09-01,508500,T508500,71b23d0b-28e4-48a9-9bcc-b77c1d560928
2026-09-01,508514,R122437,d82960a5-4ec8-463b-bc8a-424664100cf1
2026-09-01,508516,T508516,8cdd952f-0dd7-44d0-ac93-7627b029e257
2026-09-01,508523,R122374,85a34a89-a7b2-4bb6-ba5e-3433e15df850
2026-09-01,508523,R122374,53ab103d-fb28-46f3-82f8-f6b66f12fea2
2026-09-01,508527,R122413,fc8ef72a-1d9d-4b91-a9fa-b03e33cbc7f3
2026-09-01,508530,R122441,72f2fc18-7c52-4027-a933-cf42243ae481
2026-09-01,508530,R122441,72f0ff8c-405c-47a7-8553-51e00da1d08a
2026-09-01,508530,R122441,32f54b51-7bd2-4d7c-92f4-7c9c67a2d95b
2026-09-01,508546,T508546,bf298783-9e80-4ca3-afc5-d715c5f6fc5b
2026-09-01,508570,R122488,f95f6498-2652-4e57-adba-59f613d63588
2026-09-01,508595,R122347,c72690b4-072f-425d-8e3e-89e7293ac6a7
2026-09-01,508822,R122432,9e237681-653a-4f12-b451-1e9f19570a14
2026-09-01,509222,S1.T507235,7054ab1b-7742-458a-b699-4bfd7cd1eab4
2026-09-01,509269,S2.T507235,7054ab1b-7742-458a-b699-4bfd7cd1eab4
2026-09-01,509633,R121268,d9cac4bd-a7e5-4c59-be08-aa5ef227b51b
